C_to_P,N_to_P,driver,condition,Study,Species,PFT
516,51.6,P,control,Bechemin99,Alexandrium minutum,Din
184,20.90909091,P,treatment,Bechemin99,Alexandrium minutum,Din
723,96.4,P,control,Bertilsson03,Synechococcus sp. WH8012,Pro
130,24.07407407,P,treatment,Bertilsson03,Synechococcus sp. WH8012,Pro
779,109.7183099,P,control,Bertilsson03,Synechococcus sp. WH8103,Pro
165,33,P,treatment,Bertilsson03,Synechococcus sp. WH8103,Pro
464,62.7027027,P,control,Bertilsson03,Prochlorococcus sp. Med4,Pro
121,21.22807018,P,treatment,Bertilsson03,Prochlorococcus sp. Med4,Pro
545.722,54.73640923,P,control,Bi18,Emiliania huxleyi,Coc
288.554,27.09172848,P,treatment,Bi18,Emiliania huxleyi,Coc
361.909,35.36685234,P,control,Bi18,Emiliania huxleyi,Coc
217.833,24.0646266,P,treatment,Bi18,Emiliania huxleyi,Coc
261.67,41.40348101,P,control,Feng18,Emiliania huxleyi,Coc
73.04,13.99233716,P,treatment,Feng18,Emiliania huxleyi,Coc
342.694,42.725,P,control,Fu05,Trichodesmium erythraeum IMS101,Dz
108.274,17.053,P,treatment,Fu05,Trichodesmium erythraeum IMS101,Dz
392.284,39.294,P,control,Fu05,Trichodesmium erythraeum ﻿GBRTRLI101,Dz
104.95,15.586,P,treatment,Fu05,Trichodesmium erythraeum ﻿GBRTRLI101,Dz
579.781,88.143,P,control,Fu06,Synechococcus sp. CCMP 1334,Pro
92.763,16.481,P,treatment,Fu06,Synechococcus sp. CCMP 1334,Pro
199.1,36.2,P,control,Hutchins07,Trichodesmium ﻿erythraeum ﻿GBRTRLI101,Dz
85.4,17.79166667,P,treatment,Hutchins07,Trichodesmium ﻿erythraeum ﻿GBRTRLI101,Dz
218.4,39,P,control,Hutchins07,Trichodesmium ﻿erythraeum ﻿GBRTRLI101,Dz
95.1,19.40816327,P,treatment,Hutchins07,Trichodesmium ﻿erythraeum ﻿GBRTRLI101,Dz
217.4,45.29166667,P,control,Hutchins07,Trichodesmium ﻿erythraeum ﻿GBRTRLI101,Dz
107,21.4,P,treatment,Hutchins07,Trichodesmium ﻿erythraeum ﻿GBRTRLI101,Dz
251.9,49.39215686,P,control,Hutchins07,Trichodesmium ﻿erythraeum ﻿GBRTRLI101,Dz
112.8,23.5,P,treatment,Hutchins07,Trichodesmium ﻿erythraeum ﻿GBRTRLI101,Dz
249.7,45.4,P,control,Hutchins07,Trichodesmium ﻿erythraeum ﻿IMS101,Dz
90.3,17.70588235,P,treatment,Hutchins07,Trichodesmium ﻿erythraeum ﻿IMS101,Dz
260.8,44.20338983,P,control,Hutchins07,Trichodesmium ﻿erythraeum ﻿IMS101,Dz
98.8,19,P,treatment,Hutchins07,Trichodesmium ﻿erythraeum ﻿IMS101,Dz
261.3,49.30188679,P,control,Hutchins07,Trichodesmium ﻿erythraeum ﻿IMS101,Dz
104.6,20.50980392,P,treatment,Hutchins07,Trichodesmium ﻿erythraeum ﻿IMS101,Dz
289.6,50.80701754,P,control,Hutchins07,Trichodesmium ﻿erythraeum ﻿IMS101,Dz
103.9,22.10638298,P,treatment,Hutchins07,Trichodesmium ﻿erythraeum ﻿IMS101,Dz
249.3,29.32941176,P,control,Johansson99a,Chrysochromulina polylepis,Euk
122.2,15.87012987,P,treatment,Johansson99a,Chrysochromulina polylepis,Euk
216.3,24.30337079,P,control,Johansson99b,Prymnesium parvum,Euk
146.3,14.06730769,P,treatment,Johansson99b,Prymnesium parvum,Euk
560,62.22222222,P,control,LaRoche93,Dunaliella tertiolecta,Euk
50,6.756756757,P,treatment,LaRoche93,Dunaliella tertiolecta,Euk
578,40.41958042,P,control,LaRoche93,Phaeodactylum tricornutum,Dia
47.8,6.289473684,P,treatment,LaRoche93,Phaeodactylum tricornutum,Dia
939.4215686,168.9369748,P,control,Langer12,Calcidiscus leptoporus,Coc
202.2286325,59.33150183,P,treatment,Langer12,Calcidiscus leptoporus,Coc
5148.583333,290.0714286,P,control,Langer13,Emiliania huxleyi,Coc
214.675,35.87142857,P,treatment,Langer13,Emiliania huxleyi,Coc
592.699,83.36132208,P,control,Leonardos04b,Chaetoceros muelleri,Dia
465.803,74.26705995,P,treatment,Leonardos04b,Chaetoceros muelleri,Dia
670.224,62.28268748,P,control,Leonardos04b,Chaetoceros muelleri,Dia
523.873,53.78020737,P,treatment,Leonardos04b,Chaetoceros muelleri,Dia
696.51,72.96354494,P,control,Leonardos05a,Rhinomonas reticulata,Euk
626.011,51.9942691,P,treatment,Leonardos05a,Rhinomonas reticulata,Euk
629.389,57.6786107,P,control,Leonardos05a,Rhinomonas reticulata,Euk
581.229,49.5,P,treatment,Leonardos05a,Rhinomonas reticulata,Euk
244.36,25.73565034,P,control,Leonardos05b,Emiliania huxleyi,Coc
166.444,21.11965487,P,treatment,Leonardos05b,Emiliania huxleyi,Coc
271.432,21.31720726,P,control,Leonardos05b,Emiliania huxleyi,Coc
217.076,21.31330388,P,treatment,Leonardos05b,Emiliania huxleyi,Coc
494.205774,39.467,P,control,McKew15,Emiliania huxleyi,Coc
101.865296,17.972,P,treatment,McKew15,Emiliania huxleyi,Coc
146,23.93442623,P,control,Mouginot15,Synechococcus sp. WH8102,Pro
113,18.22580645,P,treatment,Mouginot15,Synechococcus sp. WH8102,Pro
454.2580645,79.03225806,P,control,Oviedo14,Emiliania huxleyi RCC1813,Coc
36.17204301,9.784946237,P,treatment,Oviedo14,Emiliania huxleyi RCC1813,Coc
582.1935484,68.19354839,P,control,Oviedo14,Emiliania huxleyi RCC1817,Coc
19.21821632,4.516129032,P,treatment,Oviedo14,Emiliania huxleyi RCC1817,Coc
456.516129,56.15053763,P,control,Oviedo14,Emiliania huxleyi RCC1812,Coc
37.12903226,10.72580645,P,treatment,Oviedo14,Emiliania huxleyi RCC1812,Coc
470.516129,82.64516129,P,control,Oviedo14,Emiliania huxleyi RCC1827,Coc
34.15053763,11.49103943,P,treatment,Oviedo14,Emiliania huxleyi RCC1827,Coc
1252.645161,142.2580645,P,control,Oviedo14,Emiliania huxleyi RCC1830,Coc
45.33333333,10.63799283,P,treatment,Oviedo14,Emiliania huxleyi RCC1830,Coc
430.0645161,63.4516129,P,control,Oviedo14,Emiliania huxleyi RCC1833,Coc
37.93548387,13.66129032,P,treatment,Oviedo14,Emiliania huxleyi RCC1833,Coc
693,76.07025247,P,control,Perrin16,Emiliania huxleyi,Coc
158,24.45820433,P,treatment,Perrin16,Emiliania huxleyi,Coc
661,54.85477178,P,control,Perrin16,Emiliania huxleyi,Coc
173,19.83944954,P,treatment,Perrin16,Emiliania huxleyi,Coc
142.3533333,30.78776398,P,control,Rasdi15,Tisochrysis lutea,Euk
43.09788718,9.899556741,P,treatment,Rasdi15,Tisochrysis lutea,Euk
138.2969646,31.25527047,P,control,Rasdi15,Nannochloropsis oculata,Euk
34.32944625,9.723072636,P,treatment,Rasdi15,Nannochloropsis oculata,Euk
325.9941358,28.79167921,P,control,Skau17,Emiliania huxleyi,Coc
147.8047335,11.91578204,P,treatment,Skau17,Emiliania huxleyi,Coc
330.1208989,34.9032786,P,control,Skau17,Emiliania huxleyi,Coc
130.5343621,9.252249161,P,treatment,Skau17,Emiliania huxleyi,Coc
240.5531519,21.21674936,P,control,Skau17,Prymnesium polylepis,Euk
173.8995314,15.44036497,P,treatment,Skau17,Prymnesium polylepis,Euk
229.9481615,17.62474922,P,control,Skau17,Prymnesium polylepis,Euk
157.0153598,12.24186131,P,treatment,Skau17,Prymnesium polylepis,Euk
327.2543576,30.06729932,P,control,Skau17,Chrysochromulina rotalis,Euk
216.2965411,17.23429246,P,treatment,Skau17,Chrysochromulina rotalis,Euk
311.3930667,26.23281307,P,control,Skau17,Chrysochromulina rotalis,Euk
145.9570817,12.11246576,P,treatment,Skau17,Chrysochromulina rotalis,Euk
218.088,46.30318471,P,control,Steinhoff14,Aphanizomenon flos-aquae,Dz
166.88,29.81064666,P,treatment,Steinhoff14,Aphanizomenon flos-aquae,Dz
419.272,44.12924955,P,control,Sun11,﻿Pseudo-nitzschia multiseries,Dia
85.922,10.19724662,P,treatment,Sun11,﻿Pseudo-nitzschia multiseries,Dia
375.331,43.07712613,P,control,Sun11,﻿Pseudo-nitzschia multiseries,Dia
86.844,9.50881419,P,treatment,Sun11,﻿Pseudo-nitzschia multiseries,Dia
428.18,55.50687062,P,control,Sun11,﻿Pseudo-nitzschia multiseries,Dia
99.127,11.2618723,P,treatment,Sun11,﻿Pseudo-nitzschia multiseries,Dia
203,12.37804878,N,control,Bechemin99,Alexandrium minutum,Din
184,20.90909091,N,treatment,Bechemin99,Alexandrium minutum,Din
233.483,14.68446541,N,control,Bi18,Emiliania huxleyi,Coc
288.6,26.97196262,N,treatment,Bi18,Emiliania huxleyi,Coc
223.827,16.35923111,N,control,Bi18,Emiliania huxleyi,Coc
217.8,23.93406593,N,treatment,Bi18,Emiliania huxleyi,Coc
137.69,8.659748428,N,control,Feng18,﻿Emiliania huxleyi,Coc
104.82,14.31967213,N,treatment,Feng18,﻿Emiliania huxleyi,Coc
111.6,8.651162791,N,control,Johansson99a,Chrysochromulina polylepis,Euk
122.2,15.87012987,N,treatment,Johansson99a,Chrysochromulina polylepis,Euk
112.9,5.910994764,N,control,Johansson99b,Prymnesium parvum,Euk
146.3,14.06730769,N,treatment,Johansson99b,Prymnesium parvum,Euk
602.4,113.6603774,N,control,Knapp12,﻿Trichodesmium ﻿erythraeum ﻿IMS101,Dz
790.3,125.4444444,N,treatment,Knapp12,﻿Trichodesmium ﻿erythraeum ﻿IMS101,Dz
290.3,46.82258065,N,control,Knapp12,Crocosphaera watsonii WH8501,Dz
270.3,37.02739726,N,treatment,Knapp12,Crocosphaera watsonii WH8501,Dz
58.4,2.891089109,N,control,LaRoche93,Dunaliella tertiolecta,Euk
50,6.756756757,N,treatment,LaRoche93,Dunaliella tertiolecta,Euk
42.9,1.765432099,N,control,LaRoche93,Phaeodactylum tricornutum,Dia
47.8,6.289473684,N,treatment,LaRoche93,Phaeodactylum tricornutum,Dia
210.4919872,20.39697802,N,control,Langer12,Calcidiscus leptoporus,Coc
202.2286325,59.33150183,N,treatment,Langer12,Calcidiscus leptoporus,Coc
322.1217949,1.362637363,N,control,Langer13,Emiliania huxleyi,Coc
238.2407407,35.67460317,N,treatment,Langer13,Emiliania huxleyi,Coc
172.848348,7.902,N,control,McKew15,Emiliania huxleyi,Coc
101.865296,17.972,N,treatment,McKew15,Emiliania huxleyi,Coc
226,15.74912892,N,control,Perrin16,Emiliania huxleyi,Coc
158,24.45820433,N,treatment,Perrin16,Emiliania huxleyi,Coc
600,13.16078087,N,control,Perrin16,Emiliania huxleyi,Coc
173,19.83944954,N,treatment,Perrin16,Emiliania huxleyi,Coc
352.36,17.63563564,N,control,Plum15,Rhodomonas salina,Euk
414.361,50.50103595,N,treatment,Plum15,Rhodomonas salina,Euk
58.557,7.725197889,N,control,Plum15,Tetraselmis sp.,Euk
46.386,6.400717538,N,treatment,Plum15,Tetraselmis sp.,Euk
83.561,2.360413548,N,control,Plum15,Tetraselmis sp.,Euk
485.497,44.00806744,N,treatment,Plum15,Tetraselmis sp.,Euk
99.916,11.80203166,N,control,Plum15,Skeletonema costatum,Dia
78.229,9.462803919,N,treatment,Plum15,Skeletonema costatum,Dia
136.198,3.839050653,N,control,Plum15,Skeletonema costatum,Dia
258.083,23.42376112,N,treatment,Plum15,Skeletonema costatum,Dia
252.98,11.82315278,N,control,Plum15,Chaetoceras danicus,Dia
193.147,23.31566876,N,treatment,Plum15,Chaetoceras danicus,Dia
94.54134,9.795,N,control,Qu18,Coscinodiscus sp,Dia
83.05146,11.205,N,treatment,Qu18,Coscinodiscus sp,Dia
104.512368,11.056,N,control,Qu18,Coscinodiscus sp,Dia
89.642896,11.273,N,treatment,Qu18,Coscinodiscus sp,Dia
139.5009,14.091,N,control,Qu18,Coscinodiscus sp,Dia
114.138276,15.036,N,treatment,Qu18,Coscinodiscus sp,Dia
142.06707,13.191,N,control,Qu18,Coscinodiscus sp,Dia
127.364841,16.161,N,treatment,Qu18,Coscinodiscus sp,Dia
46.6739621,3.062132892,N,control,Rasdi15,Tisochrysis lutea,Euk
43.09788718,9.899556741,N,treatment,Rasdi15,Tisochrysis lutea,Euk
44.07224635,2.991486335,N,control,Rasdi15,Nannochloropsis oculata,Euk
34.32944625,9.723072636,N,treatment,Rasdi15,Nannochloropsis oculata,Euk
41.65050223,5.382222577,N,control,Ruan17,Synechococcus sp. UTEX LB 2380,Pro
46.76496954,8.952536367,N,treatment,Ruan17,Synechococcus sp. UTEX LB 2380,Pro
39.73861446,4.584199656,N,control,Ruan17,Synechococcus sp. UTEX LB 2380,Pro
47.62862399,10.45029959,N,treatment,Ruan17,Synechococcus sp. UTEX LB 2380,Pro
417.94,74.01097928,N,control,Steinhoff14,Aphanizomenon flos-aquae,Dz
138.551,20.89758673,N,treatment,Steinhoff14,Aphanizomenon flos-aquae,Dz
201.198,34.07825203,N,control,Steinhoff14,Nodularia spumigena,Dz
223.538,38.54768063,N,treatment,Steinhoff14,Nodularia spumigena,Dz
537.583,6.535725141,N,control,Sun18,Scrippsiella trochoidea,Din
368.135,7.89921466,N,treatment,Sun18,Scrippsiella trochoidea,Din
58,4.833333333,Fe,control,BermanFrank01,﻿Trichodesmium sp. IMS101,Dz
156,1,Fe,treatment,BermanFrank01,﻿Trichodesmium sp. IMS101,Dz
300,71,Fe,control,BlancoAmeijeiras18,﻿Synechococcus sp. PCC7002,Pro
870,253,Fe,treatment,BlancoAmeijeiras18,﻿Synechococcus sp. PCC7002,Pro
73,31.73913043,Fe,control,Cunningham17,﻿Synechococcus sp. WH7803,Pro
65,20.3125,Fe,treatment,Cunningham17,﻿Synechococcus sp. WH7803,Pro
169,29.13793103,Fe,control,Cunningham17,Prochlorococcus sp. MED4,Pro
89,17.45098039,Fe,treatment,Cunningham17,Prochlorococcus sp. MED4,Pro
101,15.78125,Fe,control,Fu08b,Crocosphaera watsonii WH8501,Dz
116,15.67567568,Fe,treatment,Fu08b,Crocosphaera watsonii WH8501,Dz
101,16.03174603,Fe,control,Fu08b,Crocosphaera watsonii WH8501,Dz
130,18.84057971,Fe,treatment,Fu08b,Crocosphaera watsonii WH8501,Dz
104,16,Fe,control,Fu08b,Crocosphaera watsonii WH8501,Dz
140,19.17808219,Fe,treatment,Fu08b,Crocosphaera watsonii WH8501,Dz
98.99707196,15.29568494,Fe,control,Greene91,﻿Phaeodactylum tricornutum,Dia
105.3009265,17.26244697,Fe,treatment,Greene91,﻿Phaeodactylum tricornutum,Dia
21.5,4,Fe,control,Hoffmann07,Fragilariopsis kerguelensis,Dia
19.3,3.7,Fe,treatment,Hoffmann07,Fragilariopsis kerguelensis,Dia
230.7,36.61904762,Fe,control,Jiang18,Trichodesmium erythraeum IMS101,Dz
60.8,10.30508475,Fe,treatment,Jiang18,Trichodesmium erythraeum IMS101,Dz
305.7,40.76,Fe,control,Jiang18,Trichodesmium erythraeum IMS101,Dz
98.9,19.39215686,Fe,treatment,Jiang18,Trichodesmium erythraeum IMS101,Dz
240.8,35.94029851,Fe,control,Jiang18,Trichodesmium erythraeum IMS101,Dz
136.5,27.85714286,Fe,treatment,Jiang18,Trichodesmium erythraeum IMS101,Dz
49.3,7.584615385,Fe,control,LaRoche93,Dunaliella tertiolecta,Euk
50,6.756756757,Fe,treatment,LaRoche93,Dunaliella tertiolecta,Euk
85,9.042553191,Fe,control,LaRoche93,Phaeodactylum tricornutum,Dia
47.8,6.289473684,Fe,treatment,LaRoche93,Phaeodactylum tricornutum,Dia
96.9868911,15.290438,Fe,control,Sugie13,Pseudonitzschia ﻿pseudodelicatissima,Dia
107.860101,18.11960617,Fe,treatment,Sugie13,Pseudonitzschia ﻿pseudodelicatissima,Dia
155.1320578,23.62096232,Fe,control,Sugie13,Pseudonitzschia ﻿pseudodelicatissima,Dia
118.0719075,20.30208018,Fe,treatment,Sugie13,Pseudonitzschia ﻿pseudodelicatissima,Dia
95.21033384,14.50931194,Fe,control,Sugie13,Pseudonitzschia ﻿pseudodelicatissima,Dia
144.9036838,24.56859618,Fe,treatment,Sugie13,Pseudonitzschia ﻿pseudodelicatissima,Dia
119.0416653,18.31022494,Fe,control,Sugie13,Pseudonitzschia ﻿pseudodelicatissima,Dia
155.7745562,26.24488016,Fe,treatment,Sugie13,Pseudonitzschia ﻿pseudodelicatissima,Dia
80.34,14.62056415,Fe,control,Sugie16,Thalassiosira weissflogii,Dia
95.93,16.80035026,Fe,treatment,Sugie16,Thalassiosira weissflogii,Dia
86.92,15.12967798,Fe,control,Sugie16,Thalassiosira weissflogii,Dia
90.945,16.41606498,Fe,treatment,Sugie16,Thalassiosira weissflogii,Dia
81.605,14.87784868,Fe,control,Sugie16,Thalassiosira weissflogii,Dia
88.3,16.01087942,Fe,treatment,Sugie16,Thalassiosira weissflogii,Dia
156.93,21.16100324,Fe,control,Xu14,Phaeocystis antarctica,Euk
156.724,20.67598945,Fe,treatment,Xu14,Phaeocystis antarctica,Euk
164.28,22.17004049,Fe,control,Xu14,Phaeocystis antarctica,Euk
178.968,24.38920687,Fe,treatment,Xu14,Phaeocystis antarctica,Euk
170.094,20.25893283,Fe,control,Xu14,Phaeocystis antarctica,Euk
159.475,25.1260438,Fe,treatment,Xu14,Phaeocystis antarctica,Euk
83.86,13.82687552,Fe,control,Xu14,Fragilariopsis cylindrus,Dia
89.846,15.03447122,Fe,treatment,Xu14,Fragilariopsis cylindrus,Dia
44.538,6.825747126,Fe,control,Xu14,Fragilariopsis cylindrus,Dia
57.063,9.924,Fe,treatment,Xu14,Fragilariopsis cylindrus,Dia
91.415,12.43403156,Fe,control,Xu14,Fragilariopsis cylindrus,Dia
52.595,6.508476674,Fe,treatment,Xu14,Fragilariopsis cylindrus,Dia
92.4,18.11764706,Fe,control,Zhu16,Pseudo-nitzschia subcurvata,Dia
147,21.30434783,Fe,treatment,Zhu16,Pseudo-nitzschia subcurvata,Dia
136.4,27.83673469,Fe,control,Zhu16,Pseudo-nitzschia subcurvata,Dia
241.6,38.34920635,Fe,treatment,Zhu16,Pseudo-nitzschia subcurvata,Dia
90.6,13.93846154,Fe,control,Zhu16,Pseudo-nitzschia subcurvata,Dia
80.1,11.60869565,Fe,treatment,Zhu16,Pseudo-nitzschia subcurvata,Dia
102.1,15.46969697,Fe,control,Zhu16,Pseudo-nitzschia subcurvata,Dia
80.9,11.89705882,Fe,treatment,Zhu16,Pseudo-nitzschia subcurvata,Dia
151.5,23.30769231,Fe,control,Zhu16,Chaetoceros sp.,Dia
147.5,18.67088608,Fe,treatment,Zhu16,Chaetoceros sp.,Dia
128.4,19.45454545,Fe,control,Zhu16,Chaetoceros sp.,Dia
118.3,16.20547945,Fe,treatment,Zhu16,Chaetoceros sp.,Dia
75.9,12.04761905,Fe,control,Zhu16,Fragilariopsis cylindrus,Dia
85,12.14285714,Fe,treatment,Zhu16,Fragilariopsis cylindrus,Dia
63.2,9.028571429,Fe,control,Zhu16,Fragilariopsis cylindrus,Dia
82,11.88405797,Fe,treatment,Zhu16,Fragilariopsis cylindrus,Dia
134.5,20.69230769,Fe,control,Zhu16,﻿Phaeocystis antarctica,Dia
100.4,13.94444444,Fe,treatment,Zhu16,﻿Phaeocystis antarctica,Dia
187.8,28.45454545,Fe,control,Zhu16,﻿Phaeocystis antarctica,Dia
214.9,32.56060606,Fe,treatment,Zhu16,﻿Phaeocystis antarctica,Dia
117,17.48878924,I,control,Feng08,Emiliania huxleyi ,Coc
91,14.89361702,I,treatment,Feng08,Emiliania huxleyi ,Coc
116,17.84615385,I,control,Feng08,Emiliania huxleyi ,Coc
124,17.76504298,I,treatment,Feng08,Emiliania huxleyi ,Coc
108,15.74344023,I,control,Feng08,Emiliania huxleyi ,Coc
82,14.0651801,I,treatment,Feng08,Emiliania huxleyi ,Coc
108,15.34090909,I,control,Feng08,Emiliania huxleyi ,Coc
109,16.26865672,I,treatment,Feng08,Emiliania huxleyi ,Coc
73.82,17.3286385,I,control,Feng18,﻿Emiliania huxleyi,Coc
112.39,19.04915254,I,treatment,Feng18,﻿Emiliania huxleyi,Coc
201.574,41.027,I,control,Finkel06,Thalassiosira weissflogii,Dia
83.232,13.113,I,treatment,Finkel06,Thalassiosira weissflogii,Dia
148.67,21.589,I,control,Finkel06,Chaetoceros calcitrans,Dia
59.983,8.029,I,treatment,Finkel06,Chaetoceros calcitrans,Dia
77.35344828,10.70689655,I,control,Garcia11,Trichodesmium erythraeum IMS101,Dz
109.7910448,14.88059701,I,treatment,Garcia11,Trichodesmium erythraeum IMS101,Dz
63.73611111,8.229166667,I,control,Garcia11,Trichodesmium erythraeum IMS101,Dz
98.27647059,13.51764706,I,treatment,Garcia11,Trichodesmium erythraeum IMS101,Dz
51.91780822,8.082191781,I,control,Kranz10,Trichodesmium ﻿erythraeum ﻿IMS101,Dz
65.71428571,12.28571429,I,treatment,Kranz10,Trichodesmium ﻿erythraeum ﻿IMS101,Dz
57.82051282,11.28205128,I,control,Kranz10,Trichodesmium ﻿erythraeum ﻿IMS101,Dz
70.70422535,14.64788732,I,treatment,Kranz10,Trichodesmium ﻿erythraeum ﻿IMS101,Dz
465.803,74.26705995,I,control,Leonardos04b,Chaetoceros muelleri,Dia
523.873,53.78020737,I,treatment,Leonardos04b,Chaetoceros muelleri,Dia
592.699,83.36132208,I,control,Leonardos04b,Chaetoceros muelleri,Dia
670.224,62.28268748,I,treatment,Leonardos04b,Chaetoceros muelleri,Dia
296.284,31.72205567,I,control,Leonardos05a,Rhinomonas reticulata,Euk
430.472,31.75509,I,treatment,Leonardos05a,Rhinomonas reticulata,Euk
150.101,22.07367647,I,control,Leonardos05a,Rhinomonas reticulata,Euk
300.671,22.19137944,I,treatment,Leonardos05a,Rhinomonas reticulata,Euk
133.906,17.02555626,I,control,Leonardos05a,Rhinomonas reticulata,Euk
252.245,17.78878702,I,treatment,Leonardos05a,Rhinomonas reticulata,Euk
244.36,25.73565034,I,control,Leonardos05b,Emiliania huxleyi,Coc
271.432,21.31720726,I,treatment,Leonardos05b,Emiliania huxleyi,Coc
166.444,21.11965487,I,control,Leonardos05b,Emiliania huxleyi,Coc
217.076,21.31330388,I,treatment,Leonardos05b,Emiliania huxleyi,Coc
121.155,14.78221083,I,control,Leonardos05b,Emiliania huxleyi,Coc
142.31,13.62992051,I,treatment,Leonardos05b,Emiliania huxleyi,Coc
33.33333333,10.6,I,control,Nielsen96,Gymnodinium galatheanum,Din
41.66666667,8.625,I,treatment,Nielsen96,Gymnodinium galatheanum,Din
55.71583805,12.55830258,I,control,Norici11,Skeletonema marinoi,Dia
62.6291502,10.17924526,I,treatment,Norici11,Skeletonema marinoi,Dia
158,24.45820433,I,control,Perrin16,Emiliania huxleyi,Coc
173,19.83944954,I,treatment,Perrin16,Emiliania huxleyi,Coc
153.906,20.1896891,I,control,Plum15,Rhodomonas salina,Euk
352.36,17.63563564,I,treatment,Plum15,Rhodomonas salina,Euk
118.057,15.4869474,I,control,Plum15,Rhodomonas salina,Euk
414.361,50.50103595,I,treatment,Plum15,Rhodomonas salina,Euk
58.557,7.725197889,I,control,Plum15,Tetraselmis sp.,Euk
83.561,2.360413548,I,treatment,Plum15,Tetraselmis sp.,Euk
46.386,6.400717538,I,control,Plum15,Tetraselmis sp.,Euk
485.497,44.00806744,I,treatment,Plum15,Tetraselmis sp.,Euk
99.916,11.80203166,I,control,Plum15,Skeletonema costatum,Dia
136.198,3.839050653,I,treatment,Plum15,Skeletonema costatum,Dia
78.229,9.462803919,I,control,Plum15,Skeletonema costatum,Dia
258.083,23.42376112,I,treatment,Plum15,Skeletonema costatum,Dia
102.34,13.45339819,I,control,Plum15,Chaetoceras danicus,Dia
252.98,11.82315278,I,treatment,Plum15,Chaetoceras danicus,Dia
75.907,10.43538631,I,control,Plum15,Chaetoceras danicus,Dia
193.147,23.31566876,I,treatment,Plum15,Chaetoceras danicus,Dia
332.6,26.18897638,T,control,Bi17,Rhodomonas sp.,Euk
150.8,21.85507246,T,treatment,Bi17,Rhodomonas sp.,Euk
302.8,21.78417266,T,control,Bi17,Rhodomonas sp.,Euk
169.8,21.49367089,T,treatment,Bi17,Rhodomonas sp.,Euk
271.7,43.12698413,T,control,Bi17,Rhodomonas sp.,Euk
114.1,23.77083333,T,treatment,Bi17,Rhodomonas sp.,Euk
218.1,29.08,T,control,Bi17,Rhodomonas sp.,Euk
141.9,24.89473684,T,treatment,Bi17,Rhodomonas sp.,Euk
466,56.82926829,T,control,Bi17,Rhodomonas sp.,Euk
261.8,31.54216867,T,treatment,Bi17,Rhodomonas sp.,Euk
502.8,71.82857143,T,control,Bi17,Rhodomonas sp.,Euk
357,41.51162791,T,treatment,Bi17,Rhodomonas sp.,Euk
215.248,17.0831746,T,control,Bi18,Emiliania huxleyi,Coc
223.827,16.35923111,T,treatment,Bi18,Emiliania huxleyi,Coc
288.19,24.01583333,T,control,Bi18,Emiliania huxleyi,Coc
217.833,24.0646266,T,treatment,Bi18,Emiliania huxleyi,Coc
367.728,31.90421655,T,control,Bi18,Emiliania huxleyi,Coc
361.909,35.36685234,T,treatment,Bi18,Emiliania huxleyi,Coc
1008,28,T,control,Borchard12,Emiliania huxleyi,Coc
1123.287671,27.85388128,T,treatment,Borchard12,Emiliania huxleyi,Coc
697.0954357,29.04564315,T,control,Borchard12,Emiliania huxleyi,Coc
716.5991903,24.29149798,T,treatment,Borchard12,Emiliania huxleyi,Coc
36.2,5.323529412,T,control,Boyd16,Pseudonitzschia multiseries,Dia
38,5.846153846,T,treatment,Boyd16,Pseudonitzschia multiseries,Dia
117,17.48878924,T,control,Feng08,Emiliania huxleyi ,Coc
108,15.74344023,T,treatment,Feng08,Emiliania huxleyi ,Coc
116,17.84615385,T,control,Feng08,Emiliania huxleyi ,Coc
108,15.34090909,T,treatment,Feng08,Emiliania huxleyi ,Coc
91,14.89361702,T,control,Feng08,Emiliania huxleyi ,Coc
82,14.0651801,T,treatment,Feng08,Emiliania huxleyi ,Coc
124,17.76504298,T,control,Feng08,Emiliania huxleyi ,Coc
109,16.26865672,T,treatment,Feng08,Emiliania huxleyi ,Coc
71.34,8.228373702,T,control,Feng18,﻿Emiliania huxleyi,Coc
93.96,13.27118644,T,treatment,Feng18,﻿Emiliania huxleyi,Coc
113.259,19.79706345,T,control,Fu07,Synechococcus sp. CCMP1334,Pro
95.336,18.37625289,T,treatment,Fu07,Synechococcus sp. CCMP1334,Pro
128.815,24.79118553,T,control,Fu07,Synechococcus sp. CCMP1334,Pro
115.01,23.7378741,T,treatment,Fu07,Synechococcus sp. CCMP1334,Pro
107.362,17.18341869,T,control,Fu07,Prochlorococcus sp. CCMP1986,Pro
109.391,17.53341882,T,treatment,Fu07,Prochlorococcus sp. CCMP1986,Pro
106.549,15.22998856,T,control,Fu08a,Heterosigma akashiwo,Euk
130.417,16.41911117,T,treatment,Fu08a,Heterosigma akashiwo,Euk
117.078,15.038921,T,control,Fu08a,Heterosigma akashiwo,Euk
168.173,21.28502721,T,treatment,Fu08a,Heterosigma akashiwo,Euk
135.041,18.05360963,T,control,Fu08a,Prorocentrum minimum,Din
88.632,13.35221452,T,treatment,Fu08a,Prorocentrum minimum,Din
69.334354,11.483,T,control,Fu14,Trichodesmium sp. KO4-20,Dz
130.2912,19.575,T,treatment,Fu14,Trichodesmium sp. KO4-20,Dz
50.14266,9.42,T,control,Fu14,Trichodesmium sp. RLI,Dz
123.103596,19.362,T,treatment,Fu14,Trichodesmium sp. RLI,Dz
50.507688,10.136,T,control,Fu14,Trichodesmium sp. 21-75,Dz
126.930818,19.667,T,treatment,Fu14,Trichodesmium sp. 21-75,Dz
128.22051,16.665,T,control,Fu14,Crocosphaera sp. WH0402,Dz
215.796464,25.532,T,treatment,Fu14,Crocosphaera sp. WH0402,Dz
100.470876,14.663,T,control,Fu14,Crocosphaera sp. WH0003,Dz
242.929295,29.789,T,treatment,Fu14,Crocosphaera sp. WH0003,Dz
88.435281,12.741,T,control,Fu14,Crocosphaera sp. WH0401,Dz
221.438208,27.264,T,treatment,Fu14,Crocosphaera sp. WH0401,Dz
85.4,17.79166667,T,control,Hutchins07,Trichodesmium ﻿erythraeum ﻿GBRTRLI101,Dz
95.1,19.40816327,T,treatment,Hutchins07,Trichodesmium ﻿erythraeum ﻿GBRTRLI101,Dz
217.4,45.29166667,T,control,Hutchins07,Trichodesmium ﻿erythraeum ﻿GBRTRLI101,Dz
251.9,49.39215686,T,treatment,Hutchins07,Trichodesmium ﻿erythraeum ﻿GBRTRLI101,Dz
90.3,17.70588235,T,control,Hutchins07,Trichodesmium ﻿erythraeum ﻿IMS101,Dz
98.8,19,T,treatment,Hutchins07,Trichodesmium ﻿erythraeum ﻿IMS101,Dz
104.6,20.50980392,T,control,Hutchins07,Trichodesmium ﻿erythraeum ﻿IMS101,Dz
103.9,22.10638298,T,treatment,Hutchins07,Trichodesmium ﻿erythraeum ﻿IMS101,Dz
60.8,10.30508475,T,control,Jiang18,Trichodesmium erythraeum IMS101,Dz
98.9,19.39215686,T,treatment,Jiang18,Trichodesmium erythraeum IMS101,Dz
230.7,36.61904762,T,control,Jiang18,Trichodesmium erythraeum IMS101,Dz
240.8,35.94029851,T,treatment,Jiang18,Trichodesmium erythraeum IMS101,Dz
41.54208754,6.32972583,T,control,Kremp09,Scrippsiella hangoei,Din
45.18905473,6.841151386,T,treatment,Kremp09,Scrippsiella hangoei,Din
66.44010417,9.756696431,T,control,Kremp09,Gymnodinium corollarium,Din
73.05666667,11.86857143,T,treatment,Kremp09,Gymnodinium corollarium,Din
43.63411458,8.095982143,T,control,Kremp09,Woloszynskia halophila,Din
67.77850877,9.556390977,T,treatment,Kremp09,Woloszynskia halophila,Din
139.792,19.23125602,T,control,Levitan10,Trichodesmium sp. IMS101,Dz
164.413,24.7237594,T,treatment,Levitan10,Trichodesmium sp. IMS101,Dz
119.587,18.34156442,T,control,Levitan10,Trichodesmium sp. IMS101,Dz
196.823,32.98525222,T,treatment,Levitan10,Trichodesmium sp. IMS101,Dz
40.33171639,7.310252899,T,control,Martiny16,Prochlorococcus sp. VOL7,Pro
160.6954213,25.83965514,T,treatment,Martiny16,Prochlorococcus sp. VOL7,Pro
96.41311871,16.45450361,T,control,Martiny16,Prochlorococcus sp. VOL4,Pro
205.7332704,34.38723685,T,treatment,Martiny16,Prochlorococcus sp. VOL4,Pro
185.4190039,31.45640085,T,control,Martiny16,Prochlorococcus sp. UH18301,Pro
173.3522254,29.06888496,T,treatment,Martiny16,Prochlorococcus sp. UH18301,Pro
153.5499938,24.35201062,T,control,Martiny16,Prochlorococcus sp. VOL8,Pro
167.4217983,24.83242585,T,treatment,Martiny16,Prochlorococcus sp. VOL8,Pro
45.45454545,7.227272727,T,control,Nielsen91,Gyrodinium aureolum,Din
50,7.95,T,treatment,Nielsen91,Gyrodinium aureolum,Din
47.61904762,7.952380952,T,control,Nielsen91,Gyrodinium aureolum,Din
40,6.12,T,treatment,Nielsen91,Gyrodinium aureolum,Din
33.33333333,5.433333333,T,control,Nielsen91,Gyrodinium aureolum,Din
34.48275862,5.103448276,T,treatment,Nielsen91,Gyrodinium aureolum,Din
29.41176471,5.470588235,T,control,Nielsen96,Gymnodinium galatheanum,Din
55.55555556,10.88888889,T,treatment,Nielsen96,Gymnodinium galatheanum,Din
37.03703704,7.185185185,T,control,Nielsen96,Gymnodinium galatheanum,Din
43.47826087,9.217391304,T,treatment,Nielsen96,Gymnodinium galatheanum,Din
40,8.36,T,control,Nielsen96,Gymnodinium galatheanum,Din
43.47826087,8.913043478,T,treatment,Nielsen96,Gymnodinium galatheanum,Din
94.54134,9.795,T,control,Qu18,Coscinodiscus sp,Dia
139.5009,14.091,T,treatment,Qu18,Coscinodiscus sp,Dia
83.05146,11.205,T,control,Qu18,Coscinodiscus sp,Dia
117.089389,13.087,T,treatment,Qu18,Coscinodiscus sp,Dia
70.073166,9.582,T,control,Qu18,Coscinodiscus sp,Dia
114.138276,15.036,T,treatment,Qu18,Coscinodiscus sp,Dia
104.512368,11.056,T,control,Qu18,Coscinodiscus sp,Dia
142.06707,13.191,T,treatment,Qu18,Coscinodiscus sp,Dia
89.642896,11.273,T,control,Qu18,Coscinodiscus sp,Dia
116.794604,15.121,T,treatment,Qu18,Coscinodiscus sp,Dia
89.474736,11.596,T,control,Qu18,Coscinodiscus sp,Dia
127.364841,16.161,T,treatment,Qu18,Coscinodiscus sp,Dia
253,12.65,T,control,Roleda13,Thalassiosira pseudonana,Dia
207,8.28,T,treatment,Roleda13,Thalassiosira pseudonana,Dia
22,1.375,T,control,Roleda13,Thalassiosira pseudonana,Dia
78,7.090909091,T,treatment,Roleda13,Thalassiosira pseudonana,Dia
117,6.5,T,control,Roleda13,Odontella aurita,Dia
136,7.555555556,T,treatment,Roleda13,Odontella aurita,Dia
17,1.416666667,T,control,Roleda13,Odontella aurita,Dia
26,2.888888889,T,treatment,Roleda13,Odontella aurita,Dia
242,9.68,T,control,Roleda13,Nannochloropsis oculata,Euk
561,18.7,T,treatment,Roleda13,Nannochloropsis oculata,Euk
204,25.5,T,control,Roleda13,Nannochloropsis oculata,Euk
329,21.93333333,T,treatment,Roleda13,Nannochloropsis oculata,Euk
631,90.14285714,T,control,Roleda13,Isochrysis galbana,Euk
1926,107,T,treatment,Roleda13,Isochrysis galbana,Euk
133,14.77777778,T,control,Roleda13,Isochrysis galbana,Euk
252,25.2,T,treatment,Roleda13,Isochrysis galbana,Euk
241,30.125,T,control,Roleda13,Chromulina ochromonoides,Euk
280,18.66666667,T,treatment,Roleda13,Chromulina ochromonoides,Euk
23,3.285714286,T,control,Roleda13,Chromulina ochromonoides,Euk
77,7.7,T,treatment,Roleda13,Chromulina ochromonoides,Euk
121,12.1,T,control,Roleda13,Dunaliella tertiolecta,Euk
201,18.27272727,T,treatment,Roleda13,Dunaliella tertiolecta,Euk
6,1,T,control,Roleda13,Dunaliella tertiolecta,Euk
69,7.666666667,T,treatment,Roleda13,Dunaliella tertiolecta,Euk
69.91,10.07348703,T,control,Schaum18,Thalassiosira pseudonana,Dia
84.91,11.99293785,T,treatment,Schaum18,Thalassiosira pseudonana,Dia
147.8047335,11.91578204,T,control,Skau17,Emiliania huxleyi,Coc
130.5343621,9.252249161,T,treatment,Skau17,Emiliania huxleyi,Coc
240.5531519,21.21674936,T,control,Skau17,Prymnesium polylepis,Euk
229.9481615,17.62474922,T,treatment,Skau17,Prymnesium polylepis,Euk
216.2965411,17.23429246,T,control,Skau17,Chrysochromulina rotalis,Euk
145.9570817,12.11246576,T,treatment,Skau17,Chrysochromulina rotalis,Euk
194.39,36.33457944,T,control,Tew14,Nitzschia ovalis,Dia
216.7,36.9165247,T,treatment,Tew14,Nitzschia ovalis,Dia
92.4,18.11764706,T,control,Zhu16,Pseudo-nitzschia subcurvata,Dia
136.4,27.83673469,T,treatment,Zhu16,Pseudo-nitzschia subcurvata,Dia
147,21.30434783,T,control,Zhu16,Pseudo-nitzschia subcurvata,Dia
241.6,38.34920635,T,treatment,Zhu16,Pseudo-nitzschia subcurvata,Dia
90.6,13.93846154,T,control,Zhu16,Pseudo-nitzschia subcurvata,Dia
102.1,15.46969697,T,treatment,Zhu16,Pseudo-nitzschia subcurvata,Dia
80.1,11.60869565,T,control,Zhu16,Pseudo-nitzschia subcurvata,Dia
80.9,11.89705882,T,treatment,Zhu16,Pseudo-nitzschia subcurvata,Dia
151.5,23.30769231,T,control,Zhu16,Chaetoceros sp.,Dia
128.4,19.45454545,T,treatment,Zhu16,Chaetoceros sp.,Dia
147.5,18.67088608,T,control,Zhu16,Chaetoceros sp.,Dia
118.3,16.20547945,T,treatment,Zhu16,Chaetoceros sp.,Dia
75.9,12.04761905,T,control,Zhu16,Fragilariopsis cylindrus,Dia
63.2,9.028571429,T,treatment,Zhu16,Fragilariopsis cylindrus,Dia
85,12.14285714,T,control,Zhu16,Fragilariopsis cylindrus,Dia
82,11.88405797,T,treatment,Zhu16,Fragilariopsis cylindrus,Dia
80.033,11.23270175,T,control,Zhu17,Pseudo-nitzschia subcurvata,Dia
84.733,13.06398397,T,treatment,Zhu17,Pseudo-nitzschia subcurvata,Dia
89.316,13.27526754,T,control,Zhu17,Phaeocystis antarctica,Euk
96.256,15.31275851,T,treatment,Zhu17,Phaeocystis antarctica,Euk
